<?xml version="1.0" encoding="UTF-8"?>
<beans xmlns="http://www.springframework.org/schema/beans"
	xmlns:xsi="http://www.w3.org/2001/XMLSchema-instance"
	xmlns:p="http://www.springframework.org/schema/p"
	xmlns:context="http://www.springframework.org/schema/context"
	xmlns:aop="http://www.springframework.org/schema/aop"
	xmlns:tx="http://www.springframework.org/schema/tx"
	xsi:schemaLocation="http://www.springframework.org/schema/beans http://www.springframework.org/schema/beans/spring-beans.xsd
		http://www.springframework.org/schema/context http://www.springframework.org/schema/context/spring-context-4.2.xsd
		http://www.springframework.org/schema/aop http://www.springframework.org/schema/aop/spring-aop-4.2.xsd
		http://www.springframework.org/schema/tx http://www.springframework.org/schema/tx/spring-tx-4.2.xsd">
	
	 <context:component-scan base-package="com.springbook.biz" ></context:component-scan>
	 
	 <aop:aspectj-autoproxy></aop:aspectj-autoproxy>
	 
	 <!-- DataSource 설정 -->
	 <!-- properties 사용 -->
<!-- 	 <context:property-placeholder location="classpath:config/database.properties"/> -->
	 
<!-- 	 <bean id="dataSource" class="org.apache.commons.dbcp.BasicDataSource" destroy-method="close"> -->
<!-- 	 	<property name="driverClassName" value="${jdbc.driver}" /> -->
<!-- 	 	<property name="url" value="${jdbc.url}" /> -->
<!-- 	 	<property name="username" value="${jdbc.username}" /> -->
<!-- 	 	<property name="password" value="${jdbc.password}" /> -->
<!-- 	 </bean> -->
	 <!-- properties 사용 end -->
	 <!-- 직접 연결 사용  -->
	 <bean id="dataSource" class="org.apache.commons.dbcp.BasicDataSource" destroy-method="close">
	 	<property name="driverClassName" value="org.h2.Driver" />
	 	<property name="url" value="jdbc:h2:tcp://localhost/~/test" />
	 	<property name="username" value="sa" />
	 	<property name="password" value="" />
	 </bean>
	 <!-- 직접 연결 사용 end  -->
	 <!-- DataSource 설정 end -->
	 
	 <!-- Spring JDBC 설정 -->
	 <bean id="jdbcTemplate" class="org.springframework.jdbc.core.JdbcTemplate">
	 	<property name="dataSource" ref="dataSource" />
	 </bean>
	 <!-- Spring JDBC 설정 end -->
	 
	 <!-- Transaction 설정 -->
	 <bean id="txManager" class="org.springframework.jdbc.datasource.DataSourceTransactionManager">
	 	<property name="dataSource" ref="dataSource"/>
	 </bean>
	 
	 <tx:advice id="txAdvice" transaction-manager="txManager">
	 	<tx:attributes>
	 		<tx:method name="get" read-only="true"/>
	 		<tx:method name="*"/>
	 	</tx:attributes>
	 </tx:advice>
	 
	 <aop:config>
	 	<aop:pointcut id="txPointcut" expression="execution(* com.springbook.biz..*(..))"/>
	 	<aop:advisor pointcut-ref="txPointcut" advice-ref="txAdvice"/>
	 </aop:config>
	 <!-- Transaction 설정  end-->
	 
	 
<!--  	<aop:config> -->
<!-- 	 	<aop:pointcut id="allPointcut" expression="execution(* com.springbook.biz..*Impl.*(..))"/> -->
<!-- 	 	<aop:pointcut id="getPointcut" expression="execution(* com.springbook.biz..*Impl.get*(..))"/> -->
	 	
<!-- 	 	<aop:aspect ref="log"> -->
<!-- 	 		<aop:before pointcut-ref="allPointcut" method="printLog"/> -->
<!-- 	 	</aop:aspect>	 	 -->
<!-- 	 </aop:config> -->

</beans>